Id,Date,Hour,Minute,Long,Lat,NoZero_x,Havg_m,Tz_sec,Hmax_m,Hsig_m,Tsig_sec,H10_m,T10_sec,Tavg_sec,Tp_sec,TP5_sec,HMO_m,MeanDir_deg,MeanSpread_deg
264014461,06/11/14,00,04,-8.235403,51.768173,64,0.95,4.2,1.99,1.39,4.5,1.72,5.1,3.9,4.0,4.2,1.54,202.0,30.5
264017993,06/11/14,00,09,-8.235403,51.768173,64,0.94,4.1,1.65,1.33,4.2,1.52,4.4,4.0,4.2,4.3,1.44,206.7,31.5
264021497,06/11/14,00,15,-8.235403,51.768173,63,0.92,4.1,1.74,1.34,4.3,1.56,4.1,3.8,4.5,4.5,1.44,205.1,33.9
264025022,06/11/14,00,21,-8.235403,51.768173,78,0.72,3.4,1.79,1.2,4.0,1.48,4.0,3.7,4.4,4.2,1.27,198.9,35.9
264028556,06/11/14,00,27,-8.235403,51.768173,66,0.79,4.0,1.72,1.19,4.6,1.47,3.8,3.7,4.9,4.4,1.25,203.2,37.5
264032091,06/11/14,00,33,-8.235403,51.768173,73,0.84,3.6,1.94,1.28,4.0,1.61,4.3,3.7,4.7,4.5,1.42,203.8,33.6
264035635,06/11/14,00,39,-8.235403,51.768173,69,0.9,3.8,1.87,1.37,4.6,1.69,4.4,3.9,4.5,4.6,1.51,200.3,35.4
264039177,06/11/14,00,45,-8.235403,51.768173,68,0.94,3.9,2.05,1.42,4.6,1.68,4.2,3.7,4.4,4.5,1.52,202.5,37.3
264042720,06/11/14,00,51,-8.235403,51.768173,68,0.96,4.0,1.87,1.43,4.4,1.71,4.4,4.0,5.0,5.0,1.54,206.6,38.7
264046220,06/11/14,00,56,-8.235403,51.768173,64,1.05,4.1,2.04,1.51,4.6,1.8,4.3,4.0,5.0,5.0,1.64,203.3,37.4
264049768,06/11/14,01,02,-8.235403,51.768173,67,0.98,4.0,2.91,1.62,4.5,2.0,4.5,4.1,4.9,4.8,1.69,204.5,35.9
264053292,06/11/14,01,08,-8.235403,51.768173,64,1.0,4.0,2.14,1.56,4.6,1.88,4.3,4.0,4.5,5.0,1.77,202.1,36.1
264056826,06/11/14,01,14,-8.235403,51.768173,68,1.03,3.9,2.29,1.59,4.3,1.93,4.5,3.9,5.0,4.9,1.8,201.0,34.8
264060350,06/11/14,01,20,-8.235403,51.768173,65,1.21,4.1,2.6,1.75,4.4,2.06,4.3,4.0,4.5,4.6,1.94,206.0,35.3
264063863,06/11/14,01,26,-8.235403,51.768173,62,0.96,4.2,2.36,1.41,4.8,1.78,4.3,4.0,4.3,4.7,1.52,204.5,36.8
264067378,06/11/14,01,32,-8.235403,51.768173,63,1.06,4.2,2.23,1.5,4.4,1.78,4.4,3.9,5.4,5.1,1.72,196.9,39.2
264070922,06/11/14,01,37,-8.235403,51.768173,63,1.06,3.8,1.96,1.51,4.3,1.79,4.1,3.9,33.3,6.7,1.75,206.7,37.3
264074413,06/11/14,01,43,-8.235403,51.768173,58,1.03,4.3,1.79,1.53,4.5,1.73,5.2,4.1,33.3,21.5,1.77,186.4,43.1
264077957,06/11/14,01,49,-8.235403,51.768173,58,1.13,4.6,2.56,1.77,5.1,2.23,5.9,4.2,4.7,5.1,1.92,193.9,37.9
264081500,06/11/14,01,55,-8.235403,51.768173,57,1.18,4.7,2.12,1.61,4.7,1.84,4.6,4.1,5.0,5.0,1.8,206.3,38.8
264085012,06/11/14,02,01,-8.235403,51.768173,61,1.04,4.3,2.13,1.6,4.7,1.87,4.7,4.2,5.4,5.4,1.69,190.3,42.6
264088554,06/11/14,02,07,-8.235403,51.768173,60,1.18,4.3,2.36,1.73,4.6,2.03,4.6,4.1,4.9,4.9,1.84,191.7,39.4
264092078,06/11/14,02,13,-8.235403,51.768173,58,1.12,4.4,2.64,1.83,5.3,2.26,4.6,4.2,5.3,5.2,1.88,192.0,39.5
264095602,06/11/14,02,19,-8.235403,51.768173,59,1.11,4.4,2.9,1.7,4.7,2.31,5.0,4.3,4.8,4.9,1.85,186.5,43.9
264099137,06/11/14,02,24,-8.235403,51.768173,60,1.13,4.3,2.29,1.64,5.1,1.98,4.7,4.1,5.3,5.2,1.73,178.3,40.6
264102651,06/11/14,02,30,-8.235403,51.768173,62,1.15,4.2,2.26,1.67,4.8,1.94,4.9,4.1,5.0,5.0,1.85,196.6,39.4
264106200,06/11/14,02,36,-8.235403,51.768173,61,1.11,4.4,2.57,1.74,5.3,2.28,5.1,4.1,5.4,5.3,1.84,188.8,35.5
264109743,06/11/14,02,42,-8.235403,51.768173,55,1.21,4.7,2.5,1.89,5.4,2.15,5.9,4.5,33.3,8.7,2.07,179.6,36.9
264113277,06/11/14,02,48,-8.235403,51.768173,49,1.43,5.1,2.44,2.05,5.5,2.37,5.4,4.8,33.3,16.0,2.48,183.5,37.4
264116819,06/11/14,02,54,-8.235403,51.768173,56,1.24,4.7,2.83,1.82,5.3,2.17,5.1,4.6,5.3,5.4,2.01,184.0,39.7
264120361,06/11/14,03,00,-8.235403,51.768173,56,1.19,4.6,3.25,1.93,5.4,2.46,5.3,4.5,5.1,5.2,2.05,182.8,38.6
264123893,06/11/14,03,06,-8.235403,51.768173,57,1.19,4.6,2.95,1.84,5.1,2.57,5.0,4.4,5.9,5.5,1.91,186.9,34.9
264127417,06/11/14,03,11,-8.235403,51.768173,60,1.05,4.4,2.12,1.53,5.1,1.86,4.9,4.3,5.7,5.7,1.71,185.2,41.7
264130961,06/11/14,03,17,-8.235403,51.768173,53,1.33,4.8,2.71,1.91,5.4,2.28,5.2,4.4,5.3,5.5,1.99,182.8,39.4
264134475,06/11/14,03,23,-8.235403,51.768173,58,1.18,4.5,2.36,1.8,5.3,2.13,6.2,4.4,5.6,5.6,2.02,184.1,41.8
264138007,06/11/14,03,29,-8.235403,51.768173,59,1.19,4.5,3.01,1.79,5.1,2.18,5.1,4.5,5.6,5.5,1.95,179.0,37.7
264141550,06/11/14,03,35,-8.235403,51.768173,63,1.2,4.2,3.2,1.93,5.0,2.75,5.3,4.5,5.4,5.4,2.17,184.1,36.3
264145093,06/11/14,03,41,-8.235403,51.768173,61,1.14,4.4,2.47,1.64,5.2,2.06,5.3,4.2,5.1,5.4,1.87,188.5,37.1
264148636,06/11/14,03,47,-8.235403,51.768173,59,1.14,4.5,2.21,1.72,4.8,1.99,4.7,4.4,5.7,5.4,1.83,180.9,39.9
264152159,06/11/14,03,53,-8.235403,51.768173,52,1.33,4.9,2.53,2.06,6.3,2.35,5.7,4.6,5.6,5.8,2.29,186.3,34.7
264155702,06/11/14,03,58,-8.235403,51.768173,54,1.45,4.8,2.55,1.98,5.1,2.34,5.1,4.6,5.6,5.5,2.23,184.4,38.5
264159245,06/11/14,04,04,-8.235403,51.768173,52,1.45,5.0,3.27,2.17,5.4,2.62,5.4,4.5,5.9,5.9,2.21,182.7,33.2
264162780,06/11/14,04,10,-8.235403,51.768173,54,1.32,4.9,2.37,1.97,5.4,2.28,5.4,4.6,5.9,5.5,2.05,190.4,34.0
264166311,06/11/14,04,16,-8.235403,51.768173,59,1.22,4.5,2.86,1.92,5.4,2.48,5.4,4.4,5.9,5.5,2.05,186.9,34.0
264169835,06/11/14,04,22,-8.235403,51.768173,63,1.08,4.2,2.22,1.72,5.2,2.02,5.0,4.3,5.9,5.8,1.86,188.1,34.8
264173378,06/11/14,04,28,-8.235403,51.768173,55,1.19,4.7,2.88,1.81,5.0,2.26,5.6,4.6,6.1,5.9,1.96,190.6,32.8
264176901,06/11/14,04,34,-8.235403,51.768173,58,1.16,4.5,2.24,1.79,5.4,2.06,4.9,4.4,6.1,6.0,1.87,186.0,33.0
264180443,06/11/14,04,40,-8.235403,51.768173,53,1.23,4.9,2.76,1.73,5.6,2.03,4.7,4.5,5.0,5.1,1.91,190.5,35.5
264183987,06/11/14,04,45,-8.235403,51.768173,57,1.3,4.6,2.78,1.96,5.4,2.38,5.4,4.7,5.7,5.6,2.09,179.6,32.7
264187530,06/11/14,04,51,-8.235403,51.768173,55,1.23,4.7,2.74,1.91,5.5,2.29,5.4,4.6,6.1,6.2,2.03,181.0,29.2
264191063,06/11/14,04,57,-8.235403,51.768173,51,1.42,5.1,2.6,2.15,6.0,2.45,6.1,4.9,5.9,5.9,2.3,173.5,30.5
264194588,06/11/14,05,03,-8.235403,51.768173,54,1.32,4.8,2.53,1.98,5.7,2.31,5.5,4.7,6.5,6.3,2.15,178.1,31.1
264198100,06/11/14,05,09,-8.235403,51.768173,52,1.39,5.2,2.88,2.15,5.7,2.57,5.4,4.9,6.1,6.1,2.21,181.3,31.3
264201623,06/11/14,05,15,-8.235403,51.768173,55,1.35,4.8,3.42,2.05,5.3,2.49,5.1,4.7,6.1,6.0,2.16,179.7,31.4
264205157,06/11/14,05,21,-8.235403,51.768173,50,1.37,5.1,2.69,2.09,6.3,2.48,5.4,4.9,6.9,6.8,2.18,183.0,29.8
264208651,06/11/14,05,27,-8.235403,51.768173,52,1.56,5.0,3.19,2.37,5.7,2.77,6.0,5.0,6.7,6.5,2.52,178.2,27.5
264212193,06/11/14,05,32,-8.235403,51.768173,48,1.47,5.4,2.46,1.99,5.5,2.2,5.8,4.7,6.3,6.2,2.16,182.4,34.5
264215737,06/11/14,05,38,-8.235403,51.768173,49,1.73,5.4,3.39,2.54,6.0,3.05,6.1,5.2,6.5,6.4,2.67,180.0,27.1
264219280,06/11/14,05,44,-8.235403,51.768173,48,1.36,5.4,2.86,2.01,5.7,2.48,5.6,5.0,6.3,6.3,2.13,183.7,33.8
264222822,06/11/14,05,50,-8.235403,51.768173,54,1.5,4.9,2.79,2.18,5.7,2.52,6.0,4.9,6.5,6.3,2.37,187.1,35.9
264226346,06/11/14,05,56,-8.235403,51.768173,49,1.43,5.3,2.93,2.06,6.1,2.45,5.9,5.1,6.1,6.3,2.25,181.2,29.4
264229890,06/11/14,06,02,-8.235403,51.768173,50,1.68,5.3,3.83,2.68,6.2,3.42,6.1,5.4,7.1,7.1,2.74,186.2,29.4
264233423,06/11/14,06,08,-8.235403,51.768173,47,1.64,5.6,3.23,2.44,6.1,2.84,5.6,5.3,7.4,7.1,2.64,184.6,27.6
264236939,06/11/14,06,14,-8.235403,51.768173,46,1.57,5.7,3.79,2.47,6.1,3.09,6.4,5.2,6.9,6.8,2.56,182.1,28.3
264240478,06/11/14,06,19,-8.235403,51.768173,49,1.47,5.2,3.58,2.3,5.7,2.96,6.5,5.1,7.7,6.8,2.42,177.6,29.5
264244023,06/11/14,06,25,-8.235403,51.768173,49,1.4,5.3,2.8,2.12,6.0,2.46,6.1,5.2,7.1,6.9,2.26,184.9,29.0
264247516,06/11/14,06,31,-8.235403,51.768173,46,1.67,5.6,3.48,2.5,6.4,2.97,7.1,5.4,7.1,7.0,2.77,189.7,32.5
264251060,06/11/14,06,37,-8.235403,51.768173,52,1.44,5.1,3.23,2.22,5.8,2.75,6.7,5.3,6.7,6.7,2.4,182.5,32.2
264254603,06/11/14,06,43,-8.235403,51.768173,53,1.39,5.0,3.22,2.14,6.2,2.78,6.4,5.2,7.1,7.1,2.37,182.3,29.9
264258106,06/11/14,06,49,-8.235403,51.768173,44,1.67,5.9,3.84,2.28,6.1,2.9,5.6,5.3,5.4,5.6,2.53,181.4,30.1
264261619,06/11/14,06,55,-8.235403,51.768173,46,1.6,5.7,3.48,2.45,6.5,2.9,6.7,5.4,7.1,7.1,2.61,184.2,31.6
264265145,06/11/14,07,00,-8.235403,51.768173,46,1.67,5.6,3.25,2.42,6.4,2.87,5.8,5.5,6.5,6.5,2.62,185.6,28.3
264268678,06/11/14,07,06,-8.235403,51.768173,50,1.47,5.3,2.78,2.37,6.5,2.7,6.6,5.6,6.7,6.7,2.5,187.2,27.4
264272209,06/11/14,07,12,-8.235403,51.768173,44,1.69,5.9,3.58,2.46,6.1,2.98,6.6,5.5,6.7,6.6,2.69,178.2,30.5
264275703,06/11/14,07,18,-8.235403,51.768173,48,1.66,5.5,3.07,2.51,6.1,2.81,6.2,5.4,7.1,7.0,2.76,182.2,28.6
264279246,06/11/14,07,24,-8.235403,51.768173,47,1.4,5.4,3.2,2.13,6.5,2.69,6.5,5.5,7.4,7.4,2.31,183.3,29.3
264282788,06/11/14,07,30,-8.235403,51.768173,46,1.68,5.7,4.26,2.93,6.7,3.73,6.5,5.8,7.1,7.1,2.83,185.2,23.5
264286312,06/11/14,07,36,-8.235403,51.768173,50,1.39,5.0,2.68,2.12,6.1,2.59,6.6,5.2,7.7,7.0,2.3,179.9,32.8
264289852,06/11/14,07,42,-8.235403,51.768173,51,1.54,5.1,3.73,2.38,6.1,2.94,6.2,5.1,8.0,6.8,2.59,178.5,34.1
264293397,06/11/14,07,47,-8.235403,51.768173,49,1.46,5.4,4.27,2.25,6.1,3.04,6.5,5.3,7.7,6.7,2.4,180.2,28.1
264296941,06/11/14,07,53,-8.235403,51.768173,48,1.53,5.5,3.41,2.3,6.1,2.85,6.1,5.1,7.4,7.2,2.45,178.9,31.6
264300472,06/11/14,07,59,-8.235403,51.768173,46,1.81,5.8,4.58,2.75,6.7,3.47,6.4,5.6,7.4,7.3,2.91,182.1,25.8
264303989,06/11/14,08,05,-8.235403,51.768173,44,1.6,5.9,3.08,2.36,7.0,2.96,6.8,5.5,7.7,7.7,2.51,185.7,26.0
264307533,06/11/14,08,11,-8.235403,51.768173,55,1.35,4.8,3.68,2.33,6.5,2.98,6.2,5.0,7.1,7.2,2.49,181.4,32.2
264311046,06/11/14,08,17,-8.235403,51.768173,51,1.36,5.2,2.85,2.07,6.4,2.59,7.3,5.1,7.4,6.8,2.21,182.5,33.3
264314589,06/11/14,08,23,-8.235403,51.768173,44,1.65,6.0,4.19,2.56,6.5,3.34,6.6,5.6,7.4,7.4,2.63,180.6,24.1
264318132,06/11/14,08,29,-8.235403,51.768173,48,1.45,5.6,3.49,2.26,6.7,2.8,6.2,5.4,7.4,7.3,2.42,178.4,25.2
264321675,06/11/14,08,34,-8.235403,51.768173,46,1.35,5.6,2.5,1.87,6.8,2.21,6.7,5.1,7.4,7.4,2.16,172.7,32.5
264325218,06/11/14,08,40,-8.235403,51.768173,51,1.22,5.1,3.15,1.95,6.8,2.56,7.3,5.0,7.7,7.7,2.16,177.5,28.4
264328760,06/11/14,08,46,-8.235403,51.768173,46,1.45,5.7,2.66,2.08,6.8,2.42,6.5,5.3,8.0,7.2,2.16,182.1,29.0
264332285,06/11/14,08,52,-8.235403,51.768173,38,1.74,6.7,3.32,2.43,6.7,3.0,6.5,5.7,7.1,7.1,2.47,175.1,26.9
264335819,06/11/14,08,58,-8.235403,51.768173,50,1.22,5.2,2.32,1.83,6.0,2.22,6.1,5.1,7.1,6.8,2.0,176.9,31.4
264339353,06/11/14,09,04,-8.235403,51.768173,44,1.51,6.0,3.06,2.26,6.9,2.92,6.9,5.5,7.1,7.2,2.33,178.5,22.8
264342867,06/11/14,09,10,-8.235403,51.768173,49,1.28,5.5,3.13,1.94,6.1,2.31,6.4,5.0,7.4,6.4,2.02,177.9,32.1
264346406,06/11/14,09,16,-8.235403,51.768173,51,1.36,5.2,2.33,1.92,6.4,2.16,6.4,5.0,7.4,7.0,2.16,182.9,31.7
264349952,06/11/14,09,21,-8.235403,51.768173,47,1.51,5.5,2.81,2.28,6.4,2.59,7.2,5.3,8.0,7.7,2.44,184.0,26.9
264353476,06/11/14,09,27,-8.235403,51.768173,44,1.48,5.8,2.84,2.14,6.6,2.51,6.6,5.6,7.7,7.8,2.31,176.2,22.5
264357020,06/11/14,09,33,-8.235403,51.768173,51,1.18,5.2,2.61,1.83,6.6,2.23,7.0,5.0,8.0,8.0,1.96,172.7,29.5
264360562,06/11/14,09,39,-8.235403,51.768173,47,1.21,5.6,2.59,1.78,6.0,2.14,6.2,5.3,8.0,7.7,1.94,174.6,30.2
264364107,06/11/14,09,45,-8.235403,51.768173,47,1.24,5.7,2.28,1.81,6.8,2.12,7.3,5.2,7.4,7.5,1.99,181.0,30.0
264367641,06/11/14,09,51,-8.235403,51.768173,53,1.22,5.0,2.48,1.89,6.2,2.31,6.2,5.3,7.7,7.7,2.14,173.1,29.9
264371182,06/11/14,09,57,-8.235403,51.768173,52,1.14,5.2,2.88,1.84,6.4,2.37,8.1,5.0,7.7,6.6,1.9,176.8,31.4
264374725,06/11/14,10,03,-8.235403,51.768173,54,1.19,4.9,2.41,1.95,6.1,2.34,5.9,5.2,6.9,6.6,2.07,173.1,28.0
264378249,06/11/14,10,09,-8.235403,51.768173,49,1.25,5.3,3.31,2.04,6.7,2.63,6.5,5.5,7.7,7.5,2.2,174.0,24.1
264381757,06/11/14,10,14,-8.235403,51.768173,51,1.37,5.2,2.89,2.04,6.3,2.58,5.9,5.0,7.4,7.1,2.16,170.2,26.2
264385300,06/11/14,10,20,-8.235403,51.768173,52,1.3,5.1,2.65,2.03,6.6,2.48,6.5,5.1,6.7,6.7,2.12,177.1,27.3
264388843,06/11/14,10,26,-8.235403,51.768173,49,1.35,5.3,2.53,2.13,6.2,2.38,6.7,5.1,7.1,7.1,2.16,178.7,28.9
264392355,06/11/14,10,32,-8.235403,51.768173,46,1.39,5.6,2.62,2.09,6.0,2.37,6.3,5.2,7.7,6.5,2.2,178.5,34.1
264395837,06/11/14,10,38,-8.235403,51.768173,49,1.27,5.5,2.45,1.88,6.5,2.14,5.8,5.3,7.7,7.6,2.0,177.5,27.7
264399340,06/11/14,10,44,-8.235403,51.768173,47,1.37,5.5,3.05,2.07,6.8,2.64,7.0,5.2,7.4,7.3,2.2,179.5,28.5
264402866,06/11/14,10,50,-8.235403,51.768173,54,1.26,4.8,2.67,1.96,5.5,2.41,5.2,4.8,4.9,5.2,2.19,174.1,34.5
264406400,06/11/14,10,55,-8.235403,51.768173,54,1.12,4.9,2.76,1.66,6.1,2.12,6.4,4.8,7.4,7.4,1.81,171.8,34.1
264409913,06/11/14,11,01,-8.235403,51.768173,57,1.09,4.6,2.45,1.67,5.4,1.99,6.0,4.6,6.1,5.8,1.83,176.4,33.8
264413458,06/11/14,11,07,-8.235403,51.768173,50,1.38,5.2,3.64,2.01,5.6,2.59,5.8,4.9,6.7,6.5,2.11,172.6,30.2
264417001,06/11/14,11,13,-8.235403,51.768173,51,1.27,5.1,2.9,2.05,6.6,2.6,7.2,4.9,7.4,8.0,2.16,177.2,36.1
264420545,06/11/14,11,19,-8.235403,51.768173,52,1.4,5.1,2.56,2.0,5.9,2.38,6.4,5.0,7.7,6.6,2.17,177.7,32.0
264424088,06/11/14,11,25,-8.235403,51.768173,49,1.32,5.2,2.86,2.03,6.1,2.44,6.3,5.1,5.3,5.8,2.09,174.8,33.1
264427630,06/11/14,11,31,-8.235403,51.768173,49,1.44,5.1,2.86,2.2,5.7,2.66,6.0,4.9,6.7,6.1,2.26,177.7,31.8
264431173,06/11/14,11,37,-8.235403,51.768173,53,1.26,4.9,2.75,2.0,5.7,2.44,6.0,5.1,7.1,6.9,2.16,181.4,27.3
264434706,06/11/14,11,42,-8.235403,51.768173,50,1.32,5.2,2.35,1.96,6.2,2.24,6.3,4.9,6.1,6.2,2.15,179.7,34.4
264438230,06/11/14,11,48,-8.235403,51.768173,50,1.27,5.2,3.01,1.85,5.9,2.11,5.5,5.0,5.0,5.2,2.06,181.8,34.1
264441775,06/11/14,11,54,-8.235403,51.768173,53,1.21,5.0,2.59,1.85,6.3,2.33,6.3,4.9,5.7,6.0,2.01,179.9,30.9
264445319,06/11/14,12,00,-8.235403,51.768173,51,1.3,5.1,2.85,1.95,5.8,2.43,5.6,4.9,7.1,6.2,2.01,179.6,33.2
264448854,06/11/14,12,06,-8.235403,51.768173,53,1.37,5.0,2.51,1.95,6.0,2.22,6.2,4.9,7.1,7.1,2.21,176.8,32.0
264452369,06/11/14,12,12,-8.235403,51.768173,54,1.3,4.9,2.96,1.88,5.4,2.25,6.1,4.7,7.4,6.8,2.04,182.6,30.0
264455913,06/11/14,12,18,-8.235403,51.768173,57,1.18,4.5,3.08,1.81,5.8,2.24,6.2,4.5,5.9,6.3,1.98,183.8,33.6
264459430,06/11/14,12,24,-8.235403,51.768173,54,1.35,4.9,2.68,2.1,5.6,2.53,6.0,4.9,7.1,7.1,2.21,176.3,28.5
264462923,06/11/14,12,29,-8.235403,51.768173,57,1.29,4.7,2.57,1.99,5.6,2.33,6.1,4.7,6.9,6.9,2.18,183.2,30.8
264466436,06/11/14,12,35,-8.235403,51.768173,52,1.39,5.0,3.03,2.09,5.8,2.48,5.6,4.9,5.6,5.9,2.21,180.4,30.0
264469939,06/11/14,12,41,-8.235403,51.768173,48,1.55,5.3,3.89,2.33,6.3,2.87,5.7,5.0,7.7,7.6,2.4,181.0,30.0
264473472,06/11/14,12,47,-8.235403,51.768173,53,1.51,4.9,3.35,2.19,5.5,2.68,6.2,4.7,5.7,6.0,2.48,175.1,33.0
264476974,06/11/14,12,53,-8.235403,51.768173,52,1.43,5.1,2.74,2.18,5.6,2.52,5.8,4.9,6.9,6.8,2.27,172.3,32.3
264480518,06/11/14,12,59,-8.235403,51.768173,52,1.32,5.0,2.76,2.1,6.1,2.49,5.9,5.0,6.5,6.3,2.16,175.1,36.5
264484062,06/11/14,13,04,-8.235403,51.768173,51,1.58,5.3,2.97,2.24,5.7,2.65,5.9,4.9,6.7,6.7,2.42,181.1,27.2
264487585,06/11/14,13,10,-8.235403,51.768173,54,1.34,4.9,3.17,2.03,5.7,2.54,6.2,4.8,7.1,6.4,2.21,179.0,27.4
264491128,06/11/14,13,16,-8.235403,51.768173,50,1.36,5.2,3.04,2.16,6.2,2.61,5.9,5.0,6.5,6.5,2.26,175.2,29.3
264494651,06/11/14,13,22,-8.235403,51.768173,48,1.38,5.6,2.33,1.86,5.8,2.21,5.8,5.0,7.1,7.0,2.07,179.0,31.5
264498184,06/11/14,13,28,-8.235403,51.768173,55,1.42,4.7,3.27,2.27,5.8,2.86,5.8,4.9,6.1,6.1,2.39,178.0,31.9
264501716,06/11/14,13,34,-8.235403,51.768173,48,1.46,5.2,2.91,2.26,6.1,2.65,7.4,5.0,7.4,7.8,2.35,171.6,31.7
264505264,06/11/14,13,40,-8.235403,51.768173,52,1.53,5.0,3.76,2.21,5.7,2.68,5.3,4.8,6.7,6.6,2.44,174.6,35.5
264508807,06/11/14,13,46,-8.235403,51.768173,57,1.23,4.5,2.98,1.94,5.2,2.38,5.3,4.5,4.3,4.6,2.07,178.4,37.6
264512352,06/11/14,13,52,-8.235403,51.768173,55,1.38,4.8,2.82,2.08,5.8,2.48,6.0,4.6,4.5,5.5,2.26,180.4,32.7
264515895,06/11/14,13,57,-8.235403,51.768173,51,1.48,5.2,2.94,2.17,5.6,2.54,6.0,4.8,6.5,6.3,2.33,178.3,32.4
264519439,06/11/14,14,03,-8.235403,51.768173,48,1.54,5.6,2.92,2.26,5.7,2.75,5.7,4.9,7.1,7.1,2.34,179.0,28.3
264522981,06/11/14,14,09,-8.235403,51.768173,56,1.32,4.7,3.05,2.21,5.5,2.7,5.9,4.9,5.6,6.1,2.32,177.5,32.7
264526526,06/11/14,14,15,-8.235403,51.768173,53,1.45,4.9,3.03,2.21,5.9,2.79,5.3,4.8,7.1,6.6,2.34,176.5,34.2
264530028,06/11/14,14,21,-8.235403,51.768173,56,1.38,4.7,3.22,2.23,6.1,2.74,6.0,4.9,6.9,6.5,2.33,172.1,35.9
264533540,06/11/14,14,27,-8.235403,51.768173,55,1.3,4.7,2.71,2.05,5.2,2.52,5.0,4.6,6.1,5.9,2.15,177.0,36.0
264537083,06/11/14,14,33,-8.235403,51.768173,54,1.43,4.8,3.53,2.24,6.1,2.79,6.4,4.9,6.9,6.7,2.35,178.1,29.5
264540607,06/11/14,14,39,-8.235403,51.768173,55,1.26,4.7,2.75,1.86,5.9,2.18,5.2,4.7,7.1,7.1,2.03,180.9,28.7
264544110,06/11/14,14,44,-8.235403,51.768173,52,1.41,5.0,3.13,2.29,5.8,3.05,5.7,4.8,6.7,6.7,2.35,174.3,33.2
264547655,06/11/14,14,50,-8.235403,51.768173,54,1.41,4.9,3.37,2.19,6.0,2.76,6.4,4.9,7.1,6.7,2.33,177.9,30.9
264551200,06/11/14,14,56,-8.235403,51.768173,54,1.49,4.9,3.69,2.31,6.1,3.0,5.8,4.9,7.7,7.4,2.47,178.5,31.8
264554724,06/11/14,15,02,-8.235403,51.768173,50,1.48,5.2,2.84,2.18,6.4,2.71,6.9,5.2,6.9,6.9,2.42,175.4,26.9
264558268,06/11/14,15,08,-8.235403,51.768173,58,1.24,4.6,2.85,1.98,5.7,2.5,6.4,4.8,6.9,6.5,2.17,179.3,35.8
264561811,06/11/14,15,14,-8.235403,51.768173,54,1.38,4.9,2.58,2.02,5.7,2.34,5.5,4.7,6.1,6.1,2.14,175.7,32.9
264565344,06/11/14,15,20,-8.235403,51.768173,53,1.51,5.0,3.83,2.28,6.0,2.86,5.8,4.8,6.7,6.8,2.45,175.0,30.8
264568877,06/11/14,15,26,-8.235403,51.768173,51,1.44,5.2,2.65,2.09,5.7,2.52,6.0,4.9,7.1,7.0,2.2,175.3,31.0
264572420,06/11/14,15,31,-8.235403,51.768173,55,1.45,4.9,3.02,2.2,5.6,2.69,6.0,4.9,5.6,6.1,2.35,183.9,29.5
264575964,06/11/14,15,37,-8.235403,51.768173,52,1.47,5.0,2.97,2.3,6.3,2.81,5.6,4.9,4.7,5.2,2.38,176.2,32.7
264579478,06/11/14,15,43,-8.235403,51.768173,56,1.36,4.7,3.12,2.1,5.7,2.5,5.5,4.8,5.6,5.9,2.32,182.6,32.0
264583022,06/11/14,15,49,-8.235403,51.768173,51,1.38,5.3,3.38,2.04,6.1,2.5,6.7,5.1,6.7,6.8,2.22,179.9,31.3
264586567,06/11/14,15,55,-8.235403,51.768173,46,1.69,5.8,3.1,2.47,6.6,2.85,6.7,5.3,6.7,6.9,2.56,176.3,28.0
264590099,06/11/14,16,01,-8.235403,51.768173,47,1.56,5.7,3.76,2.39,6.2,2.81,6.5,5.3,7.7,7.5,2.45,183.6,28.5
264593643,06/11/14,16,07,-8.235403,51.768173,50,1.48,5.2,3.61,2.23,6.4,2.67,5.9,5.1,7.4,7.0,2.44,185.0,30.4
264597166,06/11/14,16,13,-8.235403,51.768173,51,1.53,5.2,3.24,2.37,6.2,2.89,6.1,5.2,6.1,6.3,2.52,178.0,26.4
264600679,06/11/14,16,18,-8.235403,51.768173,53,1.56,5.1,3.12,2.26,6.1,2.64,5.7,4.9,6.1,6.1,2.44,180.2,28.2
264604192,06/11/14,16,24,-8.235403,51.768173,52,1.42,5.0,3.54,2.23,6.2,2.91,6.2,5.0,8.0,6.6,2.42,180.2,30.8
264607716,06/11/14,16,30,-8.235403,51.768173,51,1.47,5.1,3.34,2.13,6.2,2.59,6.5,5.1,7.1,7.0,2.35,184.2,31.9
264611198,06/11/14,16,36,-8.235403,51.768173,49,1.59,5.3,3.85,2.54,6.4,3.1,6.3,5.4,7.1,6.7,2.66,181.5,24.4
264614724,06/11/14,16,42,-8.235403,51.768173,45,1.62,5.7,2.97,2.35,6.6,2.65,6.1,5.3,6.5,6.5,2.54,177.0,29.2
264618268,06/11/14,16,48,-8.235403,51.768173,46,1.57,5.6,3.5,2.41,5.7,2.97,6.0,5.1,7.4,6.4,2.45,187.2,32.3
264621811,06/11/14,16,54,-8.235403,51.768173,50,1.43,5.1,4.12,2.27,6.5,2.94,6.3,5.3,7.4,7.2,2.42,176.2,28.6
264625353,06/11/14,16,59,-8.235403,51.768173,49,1.66,5.4,3.28,2.54,6.0,2.98,6.5,5.3,7.1,7.1,2.66,176.1,30.1
264628877,06/11/14,17,05,-8.235403,51.768173,51,1.56,5.2,3.75,2.49,5.9,3.3,5.9,5.1,7.1,6.8,2.58,176.2,27.1
264632401,06/11/14,17,11,-8.235403,51.768173,52,1.52,5.0,2.82,2.25,5.7,2.59,6.3,4.9,7.4,7.0,2.43,182.9,29.2
264635934,06/11/14,17,17,-8.235403,51.768173,49,1.59,5.5,3.09,2.45,5.7,2.94,5.9,5.2,6.9,6.9,2.49,182.1,31.2
264639477,06/11/14,17,23,-8.235403,51.768173,53,1.36,4.9,2.71,2.15,6.6,2.49,6.9,5.0,7.4,7.3,2.32,178.5,31.3
264643022,06/11/14,17,29,-8.235403,51.768173,50,1.53,5.3,3.23,2.31,5.7,2.94,5.6,5.1,4.8,5.6,2.48,183.4,30.2
264646565,06/11/14,17,35,-8.235403,51.768173,48,1.64,5.6,2.92,2.39,6.2,2.66,6.4,5.5,7.7,7.1,2.61,175.2,26.9
264650069,06/11/14,17,41,-8.235403,51.768173,49,1.38,5.3,2.51,1.99,5.7,2.28,6.0,5.0,6.9,6.4,2.17,179.3,35.7
264653614,06/11/14,17,46,-8.235403,51.768173,45,1.73,5.8,3.31,2.58,6.5,2.99,6.1,5.4,6.7,6.7,2.67,179.9,25.1
264657168,06/11/14,17,52,-8.235403,51.768173,51,1.29,5.2,3.14,1.91,6.5,2.36,5.7,4.9,5.6,6.2,2.08,186.1,39.6
264660711,06/11/14,17,58,-8.235403,51.768173,48,1.54,5.4,4.56,2.37,6.7,3.23,6.4,5.4,7.7,7.3,2.63,177.4,30.9
264664253,06/11/14,18,04,-8.235403,51.768173,52,1.35,5.0,3.49,2.26,6.4,2.72,6.4,5.4,7.1,7.1,2.43,179.0,31.4
264667767,06/11/14,18,10,-8.235403,51.768173,46,1.63,5.8,3.31,2.46,6.6,2.91,6.4,5.4,6.7,6.7,2.6,171.1,26.8
264671280,06/11/14,18,16,-8.235403,51.768173,44,1.55,5.8,2.77,2.19,6.9,2.55,6.8,5.5,7.7,7.7,2.43,176.6,26.4
264674794,06/11/14,18,22,-8.235403,51.768173,49,1.32,5.3,2.77,2.05,6.4,2.45,6.4,5.1,7.1,7.1,2.14,173.5,29.2
264678288,06/11/14,18,28,-8.235403,51.768173,54,1.16,4.9,2.69,1.73,5.9,2.08,5.5,4.9,4.8,4.9,1.96,186.2,35.6
264681838,06/11/14,18,33,-8.235403,51.768173,44,1.47,5.8,3.18,2.12,6.8,2.61,5.4,5.2,6.5,6.8,2.37,183.3,39.0
264684662,06/11/14,18,45,-8.235403,51.768173,46,1.49,5.6,2.89,2.2,6.8,2.65,6.4,5.6,7.7,7.6,2.39,176.3,28.3
264686812,06/11/14,18,54,-8.235403,51.768173,47,1.33,5.6,2.86,1.96,6.1,2.3,6.1,5.2,6.9,7.1,2.14,176.3,40.2
264686418,06/11/14,18,57,-8.235403,51.768173,50,1.39,5.2,3.04,2.15,6.2,2.74,7.0,5.5,6.5,6.6,2.37,179.2,31.6
264690348,06/11/14,18,59,-8.235403,51.768173,53,0.97,4.9,2.13,1.48,6.3,1.8,5.6,5.0,6.3,6.7,1.66,185.7,35.6
264693882,06/11/14,19,05,-8.235403,51.768173,44,1.39,6.0,3.15,2.03,7.1,2.55,7.4,5.7,6.9,7.0,2.17,171.5,36.4
264697405,06/11/14,19,11,-8.235403,51.768173,46,1.45,5.7,3.29,2.27,6.7,2.9,6.8,5.5,7.4,7.4,2.36,173.9,30.8
264700939,06/11/14,19,17,-8.235403,51.768173,47,1.38,5.6,2.82,2.18,6.5,2.69,6.9,5.5,7.7,7.5,2.31,175.8,32.7
264704479,06/11/14,19,23,-8.235403,51.768173,49,1.32,5.4,2.67,2.02,6.2,2.44,6.3,5.3,7.1,6.9,2.11,171.5,34.4
264708022,06/11/14,19,29,-8.235403,51.768173,53,1.08,5.0,2.56,1.68,5.5,2.14,5.8,5.2,8.0,7.9,1.93,183.8,41.2
264711564,06/11/14,19,35,-8.235403,51.768173,47,1.3,5.5,2.83,1.97,6.4,2.5,6.5,5.3,8.7,6.8,2.13,174.9,36.6
264715108,06/11/14,19,41,-8.235403,51.768173,47,1.38,5.5,2.41,2.0,6.5,2.26,6.2,5.6,7.4,7.3,2.34,177.1,31.2
264718613,06/11/14,19,46,-8.235403,51.768173,44,1.36,6.1,2.98,2.05,6.6,2.7,6.5,5.8,8.3,8.0,2.19,173.3,28.2
264722156,06/11/14,19,52,-8.235403,51.768173,49,1.16,5.3,2.93,1.86,6.6,2.37,6.4,5.4,8.0,7.8,2.0,169.3,31.7
264725681,06/11/14,19,58,-8.235403,51.768173,45,1.28,5.9,3.12,2.04,6.7,2.59,6.8,5.7,7.7,7.7,2.15,174.8,28.5
264729213,06/11/14,20,04,-8.235403,51.768173,49,1.08,5.3,2.51,1.7,6.2,2.12,6.1,5.5,7.7,7.7,1.9,174.2,29.7
264732696,06/11/14,20,10,-8.235403,51.768173,48,1.04,5.4,2.44,1.55,6.1,1.99,6.5,5.2,6.1,6.2,1.79,168.6,33.9
264736240,06/11/14,20,16,-8.235403,51.768173,47,1.19,5.5,2.49,1.82,6.5,2.25,6.7,5.4,7.1,6.4,1.94,162.7,37.1
264739743,06/11/14,20,22,-8.235403,51.768173,44,1.24,5.9,2.71,1.89,6.7,2.46,7.2,5.6,7.4,7.5,1.95,164.3,29.6
264743277,06/11/14,20,27,-8.235403,51.768173,45,1.33,5.9,2.87,2.19,7.0,2.6,7.8,6.0,8.3,8.3,2.22,172.2,24.4
264746811,06/11/14,20,33,-8.235403,51.768173,45,1.31,5.8,3.04,2.04,6.8,2.55,6.6,5.9,6.9,6.9,2.14,168.9,27.6
264750345,06/11/14,20,39,-8.235403,51.768173,43,1.44,6.1,3.31,2.39,6.9,3.0,6.8,6.2,7.1,7.2,2.36,173.4,22.2
264753869,06/11/14,20,45,-8.235403,51.768173,35,1.31,7.3,2.17,1.83,7.7,2.07,8.0,6.1,8.0,8.0,1.86,178.6,27.8
264757405,06/11/14,20,51,-8.235403,51.768173,38,1.42,6.9,2.68,2.05,7.2,2.43,6.9,6.3,7.7,7.7,2.14,171.5,22.5
264760938,06/11/14,20,57,-8.235403,51.768173,42,1.31,6.2,2.95,2.13,7.6,2.66,7.3,6.4,8.3,8.1,2.23,176.2,21.8
264764472,06/11/14,21,03,-8.235403,51.768173,43,1.24,6.1,2.47,1.92,6.9,2.21,7.0,6.2,6.5,6.5,2.01,169.2,27.5
264768004,06/11/14,21,09,-8.235403,51.768173,44,1.09,5.9,2.1,1.64,6.9,2.02,6.5,5.7,8.3,7.0,1.76,168.0,31.6
264771532,06/11/14,21,14,-8.235403,51.768173,41,1.24,6.3,2.15,1.71,7.3,2.05,7.3,6.0,8.0,7.8,1.91,179.1,27.0
264775079,06/11/14,21,20,-8.235403,51.768173,41,1.08,6.3,2.78,1.69,7.0,2.2,7.0,6.0,7.4,7.4,1.81,174.0,28.1
264778590,06/11/14,21,26,-8.235403,51.768173,43,1.03,6.1,2.38,1.59,7.2,2.03,7.0,6.0,7.1,6.9,1.64,179.4,31.2
264782128,06/11/14,21,32,-8.235403,51.768173,41,1.21,6.6,2.01,1.72,7.3,1.96,6.8,6.2,8.3,8.4,1.83,177.5,28.5
264785640,06/11/14,21,38,-8.235403,51.768173,42,1.05,6.3,2.96,1.68,7.7,2.37,7.6,6.2,8.0,8.3,1.76,178.1,29.2
264789175,06/11/14,21,44,-8.235403,51.768173,43,1.09,6.1,2.21,1.65,7.1,2.06,7.2,6.1,7.4,7.5,1.83,181.1,30.0
264792708,06/11/14,21,50,-8.235403,51.768173,41,1.28,6.3,2.45,1.95,8.0,2.27,7.5,6.5,8.3,8.3,2.06,176.0,27.0
264796243,06/11/14,21,56,-8.235403,51.768173,37,1.52,7.1,2.74,2.27,8.1,2.68,7.8,6.3,8.7,8.3,2.3,181.6,26.9
264799766,06/11/14,22,01,-8.235403,51.768173,42,1.13,6.2,2.03,1.77,7.9,1.97,7.1,6.7,8.3,8.3,1.96,183.9,26.0
264803311,06/11/14,22,07,-8.235403,51.768173,49,0.86,5.4,2.01,1.36,6.5,1.76,7.4,5.8,7.7,7.7,1.48,182.0,33.8
264806845,06/11/14,22,13,-8.235403,51.768173,43,1.17,6.1,2.1,1.83,7.4,2.04,7.5,6.1,8.3,7.9,1.88,181.6,26.9
264810376,06/11/14,22,19,-8.235403,51.768173,42,1.12,6.3,2.51,1.78,7.3,2.26,7.8,6.4,8.0,8.0,1.87,175.4,26.1
264813902,06/11/14,22,25,-8.235403,51.768173,43,1.06,6.1,2.02,1.54,7.0,1.83,6.3,5.8,8.3,7.6,1.69,175.9,30.8
264817435,06/11/14,22,31,-8.235403,51.768173,40,1.01,6.5,2.23,1.6,7.1,2.06,6.9,6.0,7.4,7.3,1.64,178.6,31.2
264820965,06/11/14,22,37,-8.235403,51.768173,38,1.3,6.9,3.02,2.11,7.6,2.64,7.5,6.7,8.3,8.3,2.13,183.7,18.8
264824500,06/11/14,22,43,-8.235403,51.768173,39,1.23,6.6,2.6,1.89,8.0,2.21,7.4,6.4,7.7,7.7,1.97,180.8,22.1
264828035,06/11/14,22,48,-8.235403,51.768173,43,1.12,6.1,2.3,1.75,7.5,2.05,6.4,5.9,9.1,7.7,1.78,175.8,30.8
264831579,06/11/14,22,54,-8.235403,51.768173,48,0.89,5.4,1.69,1.31,6.6,1.54,6.4,5.6,8.0,7.2,1.44,176.3,37.7
264835113,06/11/14,23,00,-8.235403,51.768173,42,1.03,6.3,2.11,1.54,6.8,1.92,6.4,5.8,7.1,7.2,1.62,176.8,30.9
264838646,06/11/14,23,06,-8.235403,51.768173,45,0.94,5.8,3.33,1.58,7.7,2.27,7.8,6.2,8.7,8.1,1.69,183.2,29.4
264842179,06/11/14,23,12,-8.235403,51.768173,42,1.3,6.2,2.74,2.07,7.2,2.53,7.6,6.4,8.3,8.2,2.14,175.1,25.1
264845702,06/11/14,23,18,-8.235403,51.768173,42,1.15,6.2,2.71,1.87,7.4,2.44,7.4,6.2,8.3,8.3,1.96,178.3,31.2
264849233,06/11/14,23,24,-8.235403,51.768173,41,1.06,6.4,1.79,1.47,7.7,1.67,7.6,6.3,8.0,8.0,1.64,177.8,24.0
264852726,06/11/14,23,30,-8.235403,51.768173,42,1.05,5.9,2.45,1.65,7.5,2.06,7.6,6.0,6.5,6.8,1.76,183.0,32.4
264856259,06/11/14,23,35,-8.235403,51.768173,40,1.24,6.5,2.48,1.79,7.1,2.19,6.7,6.1,7.1,7.2,1.9,177.2,25.5
264859783,06/11/14,23,41,-8.235403,51.768173,43,1.13,6.1,2.01,1.61,6.6,1.95,6.2,5.9,8.0,7.3,1.78,175.8,34.8
264863315,06/11/14,23,47,-8.235403,51.768173,43,1.11,6.1,2.05,1.74,7.4,1.97,7.3,6.3,7.7,7.7,1.84,182.3,25.4
264866850,06/11/14,23,53,-8.235403,51.768173,41,1.08,6.2,2.3,1.68,8.0,2.09,7.5,6.3,8.3,8.3,1.79,188.9,28.6
264870395,06/11/14,23,59,-8.235403,51.768173,39,1.03,6.6,2.7,1.51,7.1,1.95,6.8,5.9,8.7,8.1,1.64,173.7,35.6
264873917,07/11/14,00,05,-8.235403,51.768173,42,1.07,6.4,1.89,1.56,6.8,1.85,6.4,6.0,7.1,7.1,1.69,171.9,29.8
264877451,07/11/14,00,11,-8.235403,51.768173,39,1.34,6.7,2.17,2.0,7.3,2.14,7.2,6.4,8.0,8.0,2.09,179.7,22.5
264880984,07/11/14,00,16,-8.235403,51.768173,45,1.02,5.7,2.14,1.62,7.2,1.94,7.0,6.0,8.7,8.6,1.77,180.8,25.0
264884518,07/11/14,00,22,-8.235403,51.768173,40,1.08,6.6,2.25,1.66,7.5,2.09,7.2,6.1,8.0,7.7,1.72,178.0,24.7
264888051,07/11/14,00,28,-8.235403,51.768173,39,1.03,6.6,2.34,1.58,7.5,1.92,7.2,6.0,8.0,7.9,1.59,187.4,26.6
264891585,07/11/14,00,34,-8.235403,51.768173,45,1.0,5.9,2.52,1.61,6.8,2.02,7.1,6.0,8.3,8.2,1.69,180.2,31.4
264895098,07/11/14,00,40,-8.235403,51.768173,43,1.02,6.0,2.35,1.61,7.1,1.97,6.3,5.7,8.0,7.2,1.7,178.2,27.3
264898612,07/11/14,00,46,-8.235403,51.768173,44,1.06,5.9,1.83,1.53,6.4,1.79,7.6,5.6,7.7,7.0,1.62,183.8,29.8
264902135,07/11/14,00,52,-8.235403,51.768173,43,1.04,6.1,2.38,1.57,6.8,2.11,7.2,5.8,7.1,7.3,1.67,185.9,31.2
264905662,07/11/14,00,57,-8.235403,51.768173,47,0.95,5.6,2.55,1.48,6.7,1.93,7.1,5.8,8.3,7.3,1.59,185.2,34.8
264909206,07/11/14,01,03,-8.235403,51.768173,43,1.09,6.1,2.2,1.63,7.0,1.99,6.5,5.8,7.4,7.3,1.7,179.2,26.1
264912749,07/11/14,01,09,-8.235403,51.768173,46,0.94,5.6,1.74,1.34,6.5,1.48,6.3,5.4,6.1,6.5,1.51,182.1,37.6
264916283,07/11/14,01,15,-8.235403,51.768173,45,1.15,5.8,2.38,1.72,7.2,1.98,7.5,5.9,6.9,7.0,1.82,186.0,28.4
264919794,07/11/14,01,21,-8.235403,51.768173,42,1.06,6.2,2.17,1.68,7.2,1.97,6.7,5.9,8.7,8.6,1.72,183.5,31.2
264923327,07/11/14,01,27,-8.235403,51.768173,41,1.12,6.4,2.04,1.65,7.3,1.97,7.0,6.2,7.7,7.8,1.72,185.3,26.3
264926850,07/11/14,01,33,-8.235403,51.768173,46,0.96,5.7,2.92,1.58,7.2,2.12,7.7,6.0,8.3,7.6,1.69,180.8,30.3
264930383,07/11/14,01,39,-8.235403,51.768173,42,1.07,6.2,2.79,1.66,7.0,2.06,7.6,6.0,8.7,8.6,1.72,183.5,29.1
264933898,07/11/14,01,44,-8.235403,51.768173,42,1.05,6.4,2.12,1.53,6.6,1.79,7.0,5.7,8.0,7.8,1.59,175.1,33.1
264937420,07/11/14,01,50,-8.235403,51.768173,44,1.01,5.9,1.94,1.54,7.0,1.82,6.8,5.9,6.7,6.7,1.61,184.1,32.0
264940963,07/11/14,01,56,-8.235403,51.768173,50,0.99,5.4,2.4,1.65,6.4,2.15,6.5,5.6,6.9,6.6,1.72,185.5,30.4
264944498,07/11/14,02,02,-8.235403,51.768173,45,0.87,5.7,1.42,1.23,6.5,1.37,6.2,5.5,8.3,7.7,1.38,182.9,35.6
264948041,07/11/14,02,08,-8.235403,51.768173,47,0.98,5.6,2.36,1.52,6.5,1.86,6.8,5.7,8.0,7.4,1.63,182.6,26.3
264951564,07/11/14,02,14,-8.235403,51.768173,46,0.96,5.7,2.28,1.48,7.1,1.82,6.8,5.8,7.1,7.1,1.57,174.5,29.3
264955097,07/11/14,02,20,-8.235403,51.768173,43,1.03,6.2,2.18,1.56,7.4,1.81,7.8,6.1,7.7,7.7,1.7,177.4,29.4
264958629,07/11/14,02,26,-8.235403,51.768173,43,1.1,5.9,2.41,1.64,6.6,2.02,6.2,5.9,7.4,7.5,1.75,185.2,27.3
264962143,07/11/14,02,31,-8.235403,51.768173,45,0.87,5.8,1.92,1.39,7.3,1.68,7.4,5.7,10.0,8.0,1.44,179.3,34.9
264965684,07/11/14,02,37,-8.235403,51.768173,48,0.93,5.5,1.65,1.37,6.5,1.55,5.7,5.5,7.1,7.0,1.54,190.0,31.8
264969207,07/11/14,02,43,-8.235403,51.768173,47,0.98,5.6,2.49,1.58,6.9,2.04,7.0,5.8,7.7,7.5,1.64,184.7,33.1
264972750,07/11/14,02,49,-8.235403,51.768173,48,0.87,5.4,1.65,1.22,6.3,1.41,6.4,5.1,7.7,7.0,1.35,188.5,35.4
264976272,07/11/14,02,55,-8.235403,51.768173,48,0.85,5.5,1.88,1.35,6.9,1.68,6.6,5.4,6.3,7.0,1.42,188.8,33.5
264979816,07/11/14,03,01,-8.235403,51.768173,47,0.97,5.7,2.11,1.59,7.1,1.89,7.2,5.8,8.7,8.3,1.61,184.1,27.1
264983339,07/11/14,03,07,-8.235403,51.768173,45,0.85,5.8,1.83,1.36,6.8,1.62,6.4,5.4,8.3,8.0,1.38,190.2,36.6
264986832,07/11/14,03,13,-8.235403,51.768173,46,0.93,5.7,2.22,1.38,6.7,1.72,6.9,5.6,7.1,7.1,1.52,180.5,30.5
264990354,07/11/14,03,18,-8.235403,51.768173,46,0.85,5.7,1.57,1.26,7.0,1.42,7.2,5.5,8.7,7.9,1.39,194.5,38.6
264993866,07/11/14,03,24,-8.235403,51.768173,40,1.06,6.4,2.87,1.62,7.1,2.13,6.6,5.6,7.1,7.0,1.61,182.0,34.9
264997384,07/11/14,03,30,-8.235403,51.768173,49,0.91,5.4,1.78,1.39,6.7,1.63,6.8,5.2,6.9,7.5,1.49,179.5,32.8
265000894,07/11/14,03,36,-8.235403,51.768173,50,0.87,5.3,1.81,1.4,6.8,1.72,6.6,5.3,7.1,7.0,1.49,182.4,32.2
265004436,07/11/14,03,42,-8.235403,51.768173,44,1.06,5.9,1.85,1.49,7.3,1.74,8.3,5.5,5.0,5.3,1.66,188.4,28.9
265007983,07/11/14,03,48,-8.235403,51.768173,51,0.8,5.1,1.83,1.26,6.6,1.6,6.2,5.3,7.7,7.3,1.37,186.3,32.9
265011505,07/11/14,03,54,-8.235403,51.768173,43,1.04,6.1,2.19,1.53,6.9,1.9,5.8,5.3,5.9,7.0,1.58,186.4,28.7
265015018,07/11/14,03,59,-8.235403,51.768173,45,0.87,5.7,1.98,1.42,7.8,1.65,7.9,5.8,8.3,8.3,1.47,184.6,28.1
265018541,07/11/14,04,05,-8.235403,51.768173,46,0.94,5.6,1.85,1.44,6.9,1.75,7.3,5.5,7.1,7.5,1.6,184.4,30.1
265022075,07/11/14,04,11,-8.235403,51.768173,51,0.89,5.2,1.95,1.42,6.1,1.77,6.3,5.2,8.0,7.6,1.47,188.5,35.6
265025608,07/11/14,04,17,-8.235403,51.768173,51,0.83,5.1,1.82,1.38,6.7,1.66,7.4,5.2,5.7,6.4,1.43,181.1,35.3
265029131,07/11/14,04,23,-8.235403,51.768173,50,0.83,5.3,1.86,1.26,6.4,1.6,6.8,5.0,8.7,8.4,1.35,190.0,36.0
265032668,07/11/14,04,29,-8.235403,51.768173,49,0.86,5.2,2.13,1.4,6.5,1.85,7.2,5.4,9.1,8.3,1.49,190.9,33.5
265036211,07/11/14,04,35,-8.235403,51.768173,52,0.95,5.0,2.03,1.45,6.2,1.88,7.4,4.9,7.4,6.8,1.58,189.6,34.4
265039746,07/11/14,04,40,-8.235403,51.768173,43,0.99,6.1,1.99,1.49,7.6,1.83,7.5,5.5,8.0,7.7,1.59,181.3,33.3
265043289,07/11/14,04,46,-8.235403,51.768173,47,0.85,5.6,1.57,1.29,6.8,1.44,6.2,5.4,6.9,6.8,1.4,188.9,34.2
265046832,07/11/14,04,52,-8.235403,51.768173,43,0.98,6.2,1.96,1.46,7.3,1.82,7.8,5.6,8.3,8.0,1.53,193.8,32.4
265050364,07/11/14,04,58,-8.235403,51.768173,44,1.1,6.1,2.38,1.64,7.9,2.01,8.2,6.1,8.0,8.0,1.82,190.0,23.5
265053856,07/11/14,05,04,-8.235403,51.768173,44,0.96,6.1,2.24,1.47,7.5,1.79,7.6,5.7,6.7,7.0,1.5,190.3,30.2
265057392,07/11/14,05,10,-8.235403,51.768173,46,1.04,5.7,2.54,1.58,6.9,1.98,6.6,5.5,8.3,8.2,1.64,190.2,28.0
265060925,07/11/14,05,16,-8.235403,51.768173,43,0.93,6.1,1.89,1.48,7.4,1.79,7.1,5.9,8.7,8.3,1.54,183.1,27.2
265067959,07/11/14,05,27,-8.235403,51.768173,47,0.9,5.6,1.8,1.38,6.8,1.65,6.5,5.7,6.7,6.6,1.46,184.9,30.7
265071503,07/11/14,05,33,-8.235403,51.768173,51,0.79,5.2,1.56,1.17,6.6,1.42,6.9,5.3,6.1,6.1,1.32,187.5,34.3
265075036,07/11/14,05,39,-8.235403,51.768173,47,0.95,5.6,1.9,1.48,7.2,1.71,7.5,6.0,7.7,7.7,1.63,184.8,29.1
265078571,07/11/14,05,45,-8.235403,51.768173,42,0.91,6.4,1.85,1.45,8.2,1.75,8.0,6.1,9.1,9.1,1.46,189.7,26.4
265082114,07/11/14,05,51,-8.235403,51.768173,51,0.75,5.1,1.59,1.13,6.5,1.36,5.7,5.4,7.1,6.3,1.24,180.3,36.4
265085638,07/11/14,05,57,-8.235403,51.768173,44,0.96,5.9,1.77,1.41,6.7,1.64,7.0,5.8,7.1,7.2,1.45,177.8,30.1
265089150,07/11/14,06,03,-8.235403,51.768173,47,0.92,5.6,2.49,1.52,6.7,2.07,8.1,6.0,7.1,7.5,1.62,184.1,28.7
265092683,07/11/14,06,08,-8.235403,51.768173,42,0.95,6.3,2.58,1.45,7.4,1.87,7.7,6.0,7.4,7.8,1.56,184.3,29.5
265096206,07/11/14,06,14,-8.235403,51.768173,46,0.86,5.7,1.83,1.34,6.8,1.55,6.6,5.5,7.7,7.0,1.43,186.3,33.6
265099739,07/11/14,06,20,-8.235403,51.768173,40,1.05,6.6,2.27,1.57,7.6,1.88,7.8,6.3,7.4,7.5,1.66,181.1,24.7
265103253,07/11/14,06,26,-8.235403,51.768173,42,0.99,6.2,2.09,1.51,7.3,1.78,7.8,6.1,8.7,8.6,1.62,187.0,29.6
265106796,07/11/14,06,32,-8.235403,51.768173,47,0.75,5.6,1.67,1.14,6.9,1.4,6.7,5.6,7.4,7.4,1.23,184.8,34.4
265110321,07/11/14,06,38,-8.235403,51.768173,45,0.93,5.9,2.04,1.47,7.4,1.76,7.2,6.0,7.4,7.6,1.6,190.7,29.8
265113863,07/11/14,06,44,-8.235403,51.768173,44,0.85,6.0,1.91,1.35,7.3,1.72,6.7,5.8,8.3,8.1,1.4,185.4,28.3
265117397,07/11/14,06,50,-8.235403,51.768173,41,0.97,6.4,2.12,1.42,7.9,1.81,8.2,6.3,8.0,8.0,1.58,184.7,22.0
265120941,07/11/14,06,55,-8.235403,51.768173,45,0.82,5.7,1.62,1.21,7.1,1.39,7.4,5.9,6.3,6.5,1.37,183.6,29.2
265124474,07/11/14,07,01,-8.235403,51.768173,42,0.98,6.3,2.31,1.51,7.5,1.84,7.6,6.2,7.1,7.9,1.6,188.3,23.4
265127988,07/11/14,07,07,-8.235403,51.768173,41,0.94,6.3,1.88,1.31,7.2,1.71,6.7,5.9,8.7,8.2,1.46,183.3,28.5
265131511,07/11/14,07,13,-8.235403,51.768173,39,0.94,6.6,1.74,1.28,7.8,1.47,7.8,6.0,7.7,7.6,1.41,178.3,26.0
265135002,07/11/14,07,19,-8.235403,51.768173,46,0.87,5.8,2.02,1.46,6.8,1.86,7.1,5.8,6.9,7.0,1.5,189.2,30.3
265138547,07/11/14,07,25,-8.235403,51.768173,43,0.99,6.2,2.0,1.51,7.2,1.8,7.2,6.0,7.7,7.9,1.57,183.8,25.6
265142089,07/11/14,07,31,-8.235403,51.768173,45,0.81,5.8,1.89,1.31,7.8,1.59,8.0,6.2,8.0,7.9,1.44,186.0,28.5
265145621,07/11/14,07,37,-8.235403,51.768173,52,0.7,5.1,1.62,1.12,6.8,1.38,7.9,5.6,4.9,5.6,1.25,182.8,32.4
265149145,07/11/14,07,42,-8.235403,51.768173,50,0.72,5.2,1.65,1.09,6.5,1.4,6.4,4.9,5.3,5.2,1.2,194.4,38.7
265152677,07/11/14,07,48,-8.235403,51.768173,43,0.93,6.1,1.74,1.35,6.7,1.6,6.0,5.8,6.9,6.9,1.41,182.9,29.2
265156220,07/11/14,07,54,-8.235403,51.768173,44,0.81,5.9,1.66,1.25,7.1,1.53,7.9,5.7,8.7,8.7,1.32,188.2,28.0
265159753,07/11/14,08,00,-8.235403,51.768173,47,0.79,5.5,1.78,1.21,6.7,1.5,7.3,5.5,5.4,6.3,1.34,188.7,34.5
265163286,07/11/14,08,06,-8.235403,51.768173,45,0.82,5.9,1.99,1.37,7.5,1.73,7.2,5.9,9.5,8.8,1.38,182.8,30.0
265166809,07/11/14,08,12,-8.235403,51.768173,47,0.78,5.5,1.81,1.24,6.5,1.56,7.5,5.6,9.1,8.5,1.31,183.1,30.9
265170332,07/11/14,08,18,-8.235403,51.768173,45,0.87,5.7,2.03,1.34,7.1,1.64,6.7,5.5,7.4,7.6,1.45,188.3,30.7
265173846,07/11/14,08,24,-8.235403,51.768173,42,1.01,6.3,2.07,1.5,6.8,1.8,7.5,6.0,7.4,7.3,1.6,182.5,22.6
265177390,07/11/14,08,29,-8.235403,51.768173,43,0.84,6.1,1.73,1.27,7.3,1.55,7.5,5.9,7.4,7.4,1.33,184.8,24.6
265180903,07/11/14,08,35,-8.235403,51.768173,47,0.76,5.6,1.95,1.16,7.3,1.5,7.9,5.5,9.1,8.9,1.29,187.8,30.2
265184438,07/11/14,08,41,-8.235403,51.768173,48,0.73,5.4,1.54,1.14,6.6,1.37,6.9,5.5,8.3,6.8,1.23,190.7,31.9
265187954,07/11/14,08,47,-8.235403,51.768173,44,0.82,6.0,1.52,1.23,7.0,1.45,7.4,5.8,6.1,6.2,1.31,192.1,29.9
265191478,07/11/14,08,53,-8.235403,51.768173,41,0.89,6.4,1.78,1.25,6.9,1.53,6.0,5.7,6.5,7.5,1.39,190.4,29.7
265195011,07/11/14,08,59,-8.235403,51.768173,41,0.84,6.3,1.68,1.29,7.9,1.58,7.8,6.3,7.7,7.8,1.35,190.7,25.2
265198544,07/11/14,09,05,-8.235403,51.768173,45,0.89,5.7,1.68,1.35,7.0,1.58,6.5,5.8,8.3,7.4,1.42,197.9,29.4
265202078,07/11/14,09,10,-8.235403,51.768173,37,1.0,7.0,1.89,1.44,8.3,1.64,7.1,6.4,10.0,9.6,1.54,192.8,25.8
265205621,07/11/14,09,16,-8.235403,51.768173,47,0.74,5.6,1.78,1.14,7.2,1.49,7.4,5.9,5.3,6.4,1.23,188.2,32.6
265209162,07/11/14,09,22,-8.235403,51.768173,43,0.89,6.0,2.04,1.41,6.7,1.75,7.0,5.9,9.5,9.2,1.48,193.0,31.4
265212695,07/11/14,09,28,-8.235403,51.768173,40,0.87,6.5,1.8,1.29,7.7,1.59,7.3,6.0,8.3,7.7,1.38,195.7,31.2
265216238,07/11/14,09,34,-8.235403,51.768173,46,0.68,5.7,2.04,1.03,7.4,1.4,6.6,5.6,6.9,7.3,1.12,197.9,32.3
265219771,07/11/14,09,40,-8.235403,51.768173,44,0.85,5.9,1.73,1.33,7.8,1.62,8.1,6.0,9.5,9.5,1.55,195.7,26.9
265223294,07/11/14,09,46,-8.235403,51.768173,39,1.05,6.4,2.07,1.49,7.1,1.76,7.5,6.0,6.5,6.7,1.66,199.4,26.6
265226828,07/11/14,09,52,-8.235403,51.768173,43,0.9,6.0,1.98,1.35,7.5,1.73,6.6,5.9,11.8,8.6,1.48,193.1,31.3
265230351,07/11/14,09,57,-8.235403,51.768173,45,0.76,5.8,1.79,1.17,7.6,1.35,9.5,5.6,5.4,6.6,1.24,194.5,35.1
265233884,07/11/14,10,03,-8.235403,51.768173,41,0.93,6.4,1.8,1.4,7.4,1.73,8.1,6.1,7.4,7.3,1.51,198.1,31.2
265237417,07/11/14,10,09,-8.235403,51.768173,46,0.74,5.6,1.77,1.23,7.0,1.5,7.0,5.7,10.5,9.8,1.28,196.6,31.1
265240960,07/11/14,10,15,-8.235403,51.768173,40,0.83,6.4,1.88,1.29,8.1,1.59,7.8,6.3,10.5,10.5,1.42,195.9,28.9
265244503,07/11/14,10,21,-8.235403,51.768173,44,0.75,6.0,2.36,1.28,7.5,1.91,8.9,5.8,10.0,8.1,1.4,203.0,35.7
265248047,07/11/14,10,27,-8.235403,51.768173,43,0.74,6.1,1.56,1.11,8.0,1.36,8.6,5.8,11.8,11.3,1.21,196.9,29.2
265251581,07/11/14,10,33,-8.235403,51.768173,45,0.9,5.8,1.72,1.31,7.1,1.54,8.4,5.6,5.9,6.0,1.44,196.8,32.0
265255075,07/11/14,10,39,-8.235403,51.768173,48,0.81,5.4,1.74,1.34,6.8,1.63,6.4,5.6,8.7,8.7,1.41,198.9,31.5
265258598,07/11/14,10,44,-8.235403,51.768173,40,0.87,6.5,1.7,1.33,8.2,1.6,7.9,6.0,7.7,9.4,1.39,202.4,26.5
265262132,07/11/14,10,50,-8.235403,51.768173,43,0.81,5.9,1.64,1.27,7.9,1.51,8.1,5.9,9.1,9.0,1.34,198.8,28.4
265265663,07/11/14,10,56,-8.235403,51.768173,45,0.83,6.0,2.41,1.25,7.0,1.65,6.9,5.6,5.1,6.1,1.37,202.1,33.1
265269167,07/11/14,11,02,-8.235403,51.768173,40,0.84,6.5,1.53,1.29,8.7,1.44,9.1,6.0,10.5,9.0,1.34,199.0,25.6
265272710,07/11/14,11,08,-8.235403,51.768173,44,0.8,6.0,2.25,1.25,6.8,1.7,6.6,6.1,9.5,9.0,1.39,196.1,28.4
265276253,07/11/14,11,14,-8.235403,51.768173,42,0.81,6.3,1.68,1.3,7.5,1.59,7.2,6.2,10.0,10.0,1.38,201.1,25.0
265279776,07/11/14,11,20,-8.235403,51.768173,35,0.91,7.4,2.19,1.32,10.6,1.62,8.5,6.5,10.5,10.8,1.47,206.3,28.0
265283297,07/11/14,11,26,-8.235403,51.768173,48,0.84,5.6,1.77,1.22,6.5,1.46,8.3,5.5,11.1,9.8,1.39,198.4,27.9
265286822,07/11/14,11,31,-8.235403,51.768173,45,0.85,5.8,1.52,1.26,7.1,1.4,7.3,5.6,7.4,7.6,1.39,195.2,30.5
265290355,07/11/14,11,37,-8.235403,51.768173,43,0.88,6.0,1.96,1.44,7.5,1.8,7.4,5.9,9.1,7.3,1.46,198.9,28.5
265293889,07/11/14,11,43,-8.235403,51.768173,45,0.73,5.8,1.58,1.16,7.9,1.43,8.6,5.6,13.3,10.1,1.27,198.6,31.4
265297403,07/11/14,11,49,-8.235403,51.768173,45,0.87,5.8,1.67,1.26,7.6,1.46,8.5,5.8,10.5,7.9,1.46,198.8,33.0
265300946,07/11/14,11,55,-8.235403,51.768173,45,0.91,5.8,2.08,1.42,7.9,1.73,9.0,5.4,10.0,7.6,1.5,202.2,33.2
265304459,07/11/14,12,01,-8.235403,51.768173,43,0.9,5.9,1.86,1.4,7.8,1.68,8.2,5.6,8.7,8.5,1.52,203.7,31.6
265307993,07/11/14,12,07,-8.235403,51.768173,44,0.99,6.1,2.07,1.55,8.0,1.81,8.3,5.8,9.5,9.5,1.59,194.1,23.8
265311536,07/11/14,12,12,-8.235403,51.768173,43,1.01,6.0,1.94,1.41,7.2,1.68,8.0,5.6,11.1,10.7,1.55,203.8,28.1
265315080,07/11/14,12,18,-8.235403,51.768173,49,0.85,5.3,1.97,1.29,6.5,1.61,6.5,5.2,6.7,7.0,1.43,199.1,30.5
265318624,07/11/14,12,24,-8.235403,51.768173,47,0.94,5.5,2.16,1.39,6.7,1.81,7.5,5.4,7.7,6.4,1.54,202.4,32.8
265322148,07/11/14,12,30,-8.235403,51.768173,46,0.79,5.6,1.53,1.24,7.8,1.44,8.4,5.8,10.5,10.2,1.38,199.4,27.8
265325691,07/11/14,12,36,-8.235403,51.768173,40,1.02,6.5,1.79,1.47,7.9,1.69,8.3,5.8,10.5,10.2,1.54,204.2,28.0
265329215,07/11/14,12,42,-8.235403,51.768173,45,0.8,5.7,2.02,1.32,7.7,1.75,9.0,6.1,12.5,12.2,1.46,201.6,27.7
265332748,07/11/14,12,48,-8.235403,51.768173,49,0.95,5.4,2.11,1.44,6.9,1.76,7.1,5.3,7.1,8.2,1.55,198.1,28.8
265336242,07/11/14,12,54,-8.235403,51.768173,45,0.94,5.9,2.21,1.52,7.5,1.88,8.8,5.8,9.5,8.8,1.59,194.8,29.6
265339784,07/11/14,12,59,-8.235403,51.768173,51,0.9,5.2,1.73,1.38,6.4,1.63,7.4,5.3,7.7,7.5,1.49,194.5,28.3
265343327,07/11/14,13,05,-8.235403,51.768173,53,0.89,4.9,2.07,1.46,6.5,1.77,6.6,5.0,6.7,5.9,1.56,201.2,31.8
265346880,07/11/14,13,11,-8.235403,51.768173,44,0.95,5.7,1.81,1.45,8.4,1.75,8.5,5.5,10.0,9.7,1.67,191.2,32.4
265350424,07/11/14,13,17,-8.235403,51.768173,47,0.97,5.6,1.91,1.51,7.1,1.85,7.3,5.4,5.6,7.0,1.56,199.9,29.4
265353946,07/11/14,13,23,-8.235403,51.768173,46,0.99,5.6,1.81,1.43,7.9,1.66,8.3,5.1,9.5,8.5,1.63,200.7,33.1
265357478,07/11/14,13,29,-8.235403,51.768173,48,1.05,5.4,2.02,1.45,6.5,1.71,7.3,5.1,5.4,5.7,1.67,204.6,32.0
265361011,07/11/14,13,35,-8.235403,51.768173,50,0.92,5.2,2.17,1.42,6.8,1.84,7.6,5.1,7.7,8.9,1.54,201.8,28.1
265364525,07/11/14,13,41,-8.235403,51.768173,50,0.91,5.1,1.78,1.41,6.6,1.72,6.5,5.2,10.5,7.5,1.56,201.0,29.1
265368068,07/11/14,13,46,-8.235403,51.768173,49,0.96,5.3,1.94,1.44,7.2,1.76,8.3,5.0,8.7,8.2,1.61,203.3,31.7
265371591,07/11/14,13,52,-8.235403,51.768173,47,1.07,5.7,2.45,1.63,7.3,1.96,7.0,5.3,11.1,9.8,1.78,203.0,25.3
265375125,07/11/14,13,58,-8.235403,51.768173,48,0.98,5.4,1.98,1.49,7.2,1.83,7.5,5.2,8.7,7.7,1.62,203.4,30.0
265378668,07/11/14,14,04,-8.235403,51.768173,52,0.94,4.9,1.86,1.46,6.8,1.68,6.7,5.2,7.7,8.2,1.67,207.8,30.9
265382212,07/11/14,14,10,-8.235403,51.768173,50,0.97,5.2,2.11,1.55,7.6,1.92,7.9,5.2,11.1,10.2,1.72,206.2,23.0
265385736,07/11/14,14,16,-8.235403,51.768173,54,0.95,4.8,2.47,1.51,6.6,2.05,8.5,5.0,11.1,10.8,1.7,209.4,27.5
265389240,07/11/14,14,22,-8.235403,51.768173,48,1.01,5.5,2.49,1.56,7.0,1.95,8.5,5.4,11.1,10.5,1.71,203.5,26.8
265392764,07/11/14,14,28,-8.235403,51.768173,51,0.98,5.2,2.38,1.55,6.6,1.95,7.0,5.1,4.4,6.0,1.67,203.6,33.5
265396308,07/11/14,14,33,-8.235403,51.768173,59,0.89,4.6,2.09,1.36,5.7,1.65,5.8,4.8,5.6,6.1,1.55,204.7,33.9
265399841,07/11/14,14,39,-8.235403,51.768173,48,1.02,5.4,2.4,1.59,6.8,1.98,8.0,4.9,8.0,7.1,1.7,203.1,33.0
265403354,07/11/14,14,45,-8.235403,51.768173,48,0.94,5.5,1.9,1.29,7.0,1.51,7.7,5.1,11.1,9.4,1.56,201.2,31.2
265406898,07/11/14,14,51,-8.235403,51.768173,56,0.9,4.6,1.9,1.43,6.4,1.71,6.6,5.0,5.7,6.7,1.74,208.6,33.0
265410442,07/11/14,14,57,-8.235403,51.768173,54,0.92,4.9,2.3,1.44,6.8,1.89,8.6,5.2,7.1,7.2,1.6,203.4,28.9
265413954,07/11/14,15,03,-8.235403,51.768173,53,0.9,5.0,1.75,1.3,6.1,1.56,7.3,4.7,9.5,9.1,1.48,205.0,33.2
265417497,07/11/14,15,09,-8.235403,51.768173,50,1.0,5.3,1.93,1.52,7.2,1.77,5.5,5.0,6.9,6.8,1.61,204.2,30.4
265421022,07/11/14,15,15,-8.235403,51.768173,48,0.8,5.3,1.44,1.24,7.4,1.4,6.9,4.9,10.5,9.7,1.32,202.7,32.5
265424535,07/11/14,15,20,-8.235403,51.768173,52,0.84,5.0,1.6,1.3,6.9,1.49,8.9,4.9,12.5,10.0,1.38,209.4,32.5
265428067,07/11/14,15,26,-8.235403,51.768173,51,0.95,5.2,2.6,1.39,6.5,1.77,8.6,4.8,9.1,8.1,1.52,203.2,31.7
265431590,07/11/14,15,32,-8.235403,51.768173,51,0.89,5.2,2.02,1.38,8.0,1.71,7.7,5.1,7.7,8.6,1.51,209.4,30.8
265435134,07/11/14,15,38,-8.235403,51.768173,55,0.82,4.9,1.69,1.3,6.6,1.57,7.7,5.1,10.5,9.1,1.41,204.3,30.8
265438658,07/11/14,15,44,-8.235403,51.768173,48,0.93,5.5,2.07,1.46,8.0,1.75,8.4,5.4,11.1,9.6,1.59,201.4,26.2
265442182,07/11/14,15,50,-8.235403,51.768173,53,0.77,5.0,1.81,1.2,7.1,1.57,7.7,5.2,10.5,9.9,1.38,205.0,29.8
265445714,07/11/14,15,56,-8.235403,51.768173,47,0.87,5.5,2.19,1.44,8.7,1.86,10.3,5.4,12.5,11.5,1.54,199.1,26.2
265449257,07/11/14,16,01,-8.235403,51.768173,43,0.96,6.0,1.76,1.33,7.7,1.64,8.3,5.2,7.4,8.0,1.49,201.9,30.1
265452801,07/11/14,16,07,-8.235403,51.768173,48,0.85,5.4,1.63,1.33,6.8,1.54,7.5,5.2,7.4,7.1,1.47,200.5,34.0
265456295,07/11/14,16,13,-8.235403,51.768173,46,0.87,5.7,1.66,1.31,7.3,1.53,7.9,5.3,8.3,8.3,1.44,201.5,33.6
265459829,07/11/14,16,19,-8.235403,51.768173,53,0.79,5.0,1.82,1.22,6.9,1.51,8.4,4.9,6.5,7.7,1.35,200.8,33.1
265463353,07/11/14,16,25,-8.235403,51.768173,45,0.96,5.7,1.76,1.42,7.4,1.69,8.1,5.4,10.0,10.2,1.63,201.8,30.0
265466887,07/11/14,16,31,-8.235403,51.768173,49,0.9,5.4,1.92,1.38,7.4,1.66,7.5,5.5,11.1,9.8,1.5,201.2,28.2
265470400,07/11/14,16,37,-8.235403,51.768173,49,0.83,5.3,1.96,1.35,7.6,1.7,8.4,5.4,11.8,10.3,1.47,207.0,28.2
265473924,07/11/14,16,43,-8.235403,51.768173,41,1.03,6.5,1.98,1.54,8.3,1.92,9.6,5.9,12.5,10.0,1.66,199.7,25.1
265477467,07/11/14,16,48,-8.235403,51.768173,48,0.94,5.6,1.95,1.52,7.4,1.79,7.6,5.5,4.9,6.7,1.59,195.9,30.8
265480993,07/11/14,16,54,-8.235403,51.768173,47,0.98,5.6,2.14,1.43,7.5,1.82,8.7,5.5,11.8,11.0,1.59,199.2,29.1
265484503,07/11/14,17,00,-8.235403,51.768173,42,1.06,6.1,2.16,1.71,8.5,2.02,8.5,5.8,11.8,10.6,1.78,198.4,25.4
265488017,07/11/14,17,06,-8.235403,51.768173,45,0.92,5.7,2.07,1.45,8.3,1.82,8.9,5.6,11.1,11.0,1.58,198.2,27.3
265490405,07/11/14,17,12,-8.235403,51.768173,45,0.92,5.9,2.21,1.38,7.7,1.65,9.8,5.7,11.8,11.6,1.55,194.9,28.4
265493939,07/11/14,17,27,-8.235403,51.768173,44,0.86,6.0,1.86,1.38,8.9,1.68,8.3,5.6,14.3,11.3,1.43,198.7,25.8
265497481,07/11/14,17,33,-8.235403,51.768173,43,0.88,6.1,2.16,1.33,8.3,1.63,9.4,5.6,12.5,11.5,1.49,197.6,28.8
265500992,07/11/14,17,39,-8.235403,51.768173,42,0.9,5.9,2.2,1.45,8.1,1.82,8.9,6.1,14.3,13.8,1.62,196.2,27.2
265504516,07/11/14,17,45,-8.235403,51.768173,44,0.92,5.8,2.02,1.39,7.2,1.78,8.5,5.7,7.1,7.6,1.5,199.0,30.0
265508011,07/11/14,17,51,-8.235403,51.768173,51,0.83,5.2,2.07,1.39,7.8,1.78,8.9,5.5,8.7,8.3,1.5,195.1,27.6
265511535,07/11/14,17,56,-8.235403,51.768173,43,0.98,6.0,2.62,1.56,8.6,2.06,8.4,5.9,11.8,10.0,1.65,197.3,27.4
265515052,07/11/14,18,02,-8.235403,51.768173,38,0.96,6.8,1.88,1.42,9.1,1.74,9.1,5.8,15.4,12.6,1.58,196.3,27.7
265518585,07/11/14,18,08,-8.235403,51.768173,41,1.01,6.5,2.24,1.52,8.1,2.0,9.7,6.1,15.4,11.9,1.65,195.4,26.2
265522129,07/11/14,18,14,-8.235403,51.768173,40,0.96,6.7,2.05,1.53,10.0,1.84,12.4,6.4,11.8,13.0,1.68,196.5,26.0
265525663,07/11/14,18,20,-8.235403,51.768173,42,0.96,6.1,1.8,1.49,8.2,1.77,9.4,6.0,15.4,12.3,1.62,196.9,26.8
265529177,07/11/14,18,26,-8.235403,51.768173,35,1.1,7.5,2.35,1.75,10.5,2.11,10.7,7.2,14.3,13.8,1.81,194.3,20.9
265532716,07/11/14,18,32,-8.235403,51.768173,38,0.95,6.8,1.65,1.41,9.6,1.62,9.8,6.2,14.3,13.5,1.58,195.3,27.8
265536219,07/11/14,18,37,-8.235403,51.768173,38,1.03,6.6,2.01,1.56,9.1,1.83,8.3,6.2,12.5,10.5,1.67,199.9,24.8
265539753,07/11/14,18,43,-8.235403,51.768173,45,0.91,5.8,2.38,1.58,7.9,2.03,9.0,6.1,9.5,8.2,1.67,194.2,25.8
265543276,07/11/14,18,49,-8.235403,51.768173,36,0.88,7.0,1.92,1.39,8.6,1.66,9.1,6.1,8.7,8.7,1.48,194.0,29.7
265546791,07/11/14,18,55,-8.235403,51.768173,41,0.88,6.4,2.3,1.43,9.4,1.99,10.9,6.6,14.3,14.3,1.59,198.6,26.7
265550314,07/11/14,19,01,-8.235403,51.768173,34,1.08,7.8,2.01,1.68,11.0,1.93,10.5,6.3,13.3,13.4,1.64,196.4,25.9
265553859,07/11/14,19,07,-8.235403,51.768173,42,0.83,6.3,1.53,1.27,9.1,1.5,11.7,6.1,14.3,14.2,1.43,194.1,27.3
265557392,07/11/14,19,13,-8.235403,51.768173,36,1.16,7.3,2.03,1.62,9.3,1.85,11.8,6.5,14.3,13.8,1.8,197.6,21.6
265560926,07/11/14,19,19,-8.235403,51.768173,42,0.94,6.3,1.84,1.41,8.9,1.76,11.4,6.1,14.3,13.4,1.57,193.7,28.5
265564469,07/11/14,19,24,-8.235403,51.768173,40,0.99,6.6,2.13,1.58,9.2,1.89,8.9,6.1,9.1,9.2,1.59,196.2,25.7
265568012,07/11/14,19,30,-8.235403,51.768173,44,0.75,6.0,1.68,1.17,8.5,1.47,10.3,5.6,16.7,15.1,1.32,198.0,30.0
265571544,07/11/14,19,36,-8.235403,51.768173,38,1.06,6.7,2.94,1.69,8.8,2.31,7.2,6.4,15.4,13.3,1.77,201.1,24.1
265575065,07/11/14,19,42,-8.235403,51.768173,38,0.98,7.0,2.07,1.43,8.9,1.86,10.0,6.6,14.3,14.0,1.61,191.3,20.9
265578590,07/11/14,19,48,-8.235403,51.768173,42,0.91,6.4,2.46,1.52,9.5,2.05,12.3,6.8,15.4,14.9,1.68,195.4,25.7
265582133,07/11/14,19,54,-8.235403,51.768173,38,1.11,6.7,2.24,1.59,8.6,1.99,10.2,6.3,15.4,14.9,1.73,194.7,22.3
265585667,07/11/14,20,00,-8.235403,51.768173,37,1.06,7.0,2.16,1.63,9.7,2.03,11.0,6.8,14.3,14.2,1.73,195.2,19.5
265589211,07/11/14,20,06,-8.235403,51.768173,42,0.9,6.2,1.96,1.38,8.2,1.78,11.1,6.2,12.5,11.7,1.6,194.6,25.1
265592734,07/11/14,20,11,-8.235403,51.768173,40,0.94,6.6,1.94,1.5,9.0,1.8,9.3,6.4,14.3,13.5,1.63,195.9,25.2
265596257,07/11/14,20,17,-8.235403,51.768173,43,0.94,6.0,1.76,1.42,7.9,1.66,8.9,5.8,15.4,13.1,1.58,194.0,27.0
265599800,07/11/14,20,23,-8.235403,51.768173,41,0.88,6.4,2.19,1.35,8.3,1.78,10.2,6.2,18.2,13.5,1.44,197.2,29.0
265603303,07/11/14,20,29,-8.235403,51.768173,43,0.96,6.2,2.38,1.56,7.9,2.01,8.2,6.3,12.5,10.2,1.64,196.1,25.2
265606817,07/11/14,20,35,-8.235403,51.768173,44,0.91,6.1,2.57,1.45,8.0,1.91,7.6,6.0,16.7,13.4,1.55,194.6,27.9
265610361,07/11/14,20,41,-8.235403,51.768173,44,0.93,5.9,2.14,1.43,8.3,1.78,10.5,5.9,15.4,10.1,1.61,191.3,24.1
265613886,07/11/14,20,47,-8.235403,51.768173,37,1.02,6.8,2.35,1.63,8.4,1.94,9.7,6.4,8.7,9.3,1.82,187.2,28.2
265617400,07/11/14,20,52,-8.235403,51.768173,38,0.87,6.8,1.85,1.3,8.4,1.68,9.6,6.1,11.1,10.5,1.37,191.6,25.2
265620945,07/11/14,20,58,-8.235403,51.768173,45,0.8,5.8,1.81,1.28,8.1,1.52,9.6,5.8,6.9,8.0,1.42,194.3,31.7
265624479,07/11/14,21,04,-8.235403,51.768173,41,0.87,6.3,2.12,1.4,8.8,1.82,11.1,6.9,14.3,13.9,1.55,193.8,22.5
265628012,07/11/14,21,10,-8.235403,51.768173,44,0.76,5.9,1.86,1.28,8.2,1.68,11.3,6.9,14.3,12.3,1.46,191.8,22.7
265631535,07/11/14,21,16,-8.235403,51.768173,39,0.85,6.7,1.46,1.2,8.3,1.37,10.3,6.2,18.2,9.9,1.36,196.6,28.2
265635079,07/11/14,21,22,-8.235403,51.768173,36,0.89,6.9,2.61,1.52,10.0,2.13,10.5,7.1,15.4,15.2,1.67,193.3,22.3
265638612,07/11/14,21,28,-8.235403,51.768173,47,0.85,5.6,2.15,1.36,7.9,1.67,10.1,6.0,14.3,13.3,1.51,198.0,30.2
265642144,07/11/14,21,34,-8.235403,51.768173,45,0.71,5.9,1.32,1.11,7.9,1.26,7.2,5.9,13.3,9.0,1.27,196.2,32.1
265645659,07/11/14,21,39,-8.235403,51.768173,41,0.8,6.2,1.6,1.21,7.9,1.46,8.9,6.0,14.3,10.0,1.39,194.9,25.1
265649172,07/11/14,21,45,-8.235403,51.768173,41,0.77,6.4,1.6,1.17,8.7,1.44,7.8,5.9,15.4,13.4,1.31,197.3,32.0
265652706,07/11/14,21,51,-8.235403,51.768173,40,0.85,6.6,1.6,1.36,9.7,1.53,10.2,6.5,15.4,15.3,1.5,201.4,26.8
265656221,07/11/14,21,57,-8.235403,51.768173,39,0.95,6.5,2.2,1.48,8.3,1.8,9.4,6.5,6.1,8.1,1.59,196.5,25.8
265659754,07/11/14,22,03,-8.235403,51.768173,42,0.85,6.3,1.81,1.29,8.9,1.56,7.1,6.2,5.6,6.9,1.46,193.4,31.2
265663298,07/11/14,22,09,-8.235403,51.768173,45,0.77,6.0,1.5,1.2,8.3,1.41,8.8,5.9,15.4,13.8,1.32,200.8,28.5
265666837,07/11/14,22,15,-8.235403,51.768173,38,0.91,6.7,1.67,1.36,9.7,1.57,12.9,6.8,8.3,8.9,1.64,198.6,25.8
265670350,07/11/14,22,21,-8.235403,51.768173,38,0.85,6.9,1.81,1.35,10.7,1.59,9.7,6.8,12.5,13.2,1.49,198.8,24.0
265673862,07/11/14,22,26,-8.235403,51.768173,39,0.92,6.6,1.89,1.42,9.4,1.67,9.2,6.3,14.3,14.1,1.52,196.7,24.4
265677376,07/11/14,22,32,-8.235403,51.768173,38,0.92,6.4,1.95,1.39,8.4,1.76,7.6,6.2,5.0,6.9,1.58,197.9,31.2
265680899,07/11/14,22,38,-8.235403,51.768173,36,0.97,7.3,1.66,1.34,9.0,1.61,9.1,6.1,11.8,11.7,1.49,199.6,29.2
265684423,07/11/14,22,44,-8.235403,51.768173,42,0.86,6.2,1.62,1.3,7.5,1.57,8.4,5.7,14.3,10.2,1.44,199.1,26.8
265687938,07/11/14,22,50,-8.235403,51.768173,39,0.96,6.6,1.97,1.55,9.3,1.73,7.4,6.2,14.3,13.8,1.56,197.4,26.6
265691461,07/11/14,22,56,-8.235403,51.768173,42,0.93,6.3,1.62,1.34,8.7,1.51,9.6,5.9,15.4,9.9,1.49,196.6,27.2
